BADN01000445.1_9264_neutral,G,A,AACTGGTATAT,AACTGATATAT,TGTCAGGCTGAAATGTGACATTGG,0.0,0.0
BADN01000664.1_232_spatial,G,A,TAAACGGTGTG,TAAACAGTGTG,AGCAACTTCCTCTGTCATGGTGAA,0.0,0.0
BADN01000782.1_21208_neutral,T,C,AGTGGTACTGA,AGTGGCACTGA,AATGAAAGGCTTTGATCTCACGCC,0.0,0.0
BADN01000904.1_9418_neutral,C,T,AGTGACGCCTA,AGTGATGCCTA,GCCTGTGAAAGTGCTGACTGC,0.0,0.0
BADN01001141.1_4653_neutral,C,T,GACC.CATACA,GACC.TATACA,AAGATTTTCACAAACTGCAGCCGA,0.0,0.0
BADN01001386.1_1488_neutral,T,C,TTCCCTGGTCT,TTCCCCGGTCT,GTGCTGCAGAGTATGTGGTTGAAT,0.0,0.0
BADN01001397.1_7193_neutral,G,A,GAGACGGATAA,GAGACAGATAA,TAGAGGTAGTGTGCAAGCATCTCC,0.0,0.0
BADN01001424.1_5213_spatial,C,T,GCTCCCCCAGT,GCTCCTCCAGT,CCGATGCTGGGAATAGTGACTGG,0.0,0.0
BADN01001553.1_4991_fst,G,A,CCACAGTCTTA,CCACAATCTTA,AACAGACAGAAAGAAGGGTCCCTG,0.0,0.0
BADN01001564.1_19508_fst,T,G,CTTATTGCTAT,CTTATGGCTAT,CTGCAGCCCTGAGTTTTACAGATG,0.0,0.0
BADN01001572.1_438_fst,C,T,GCTCTCAAGAC,GCTCTTAAGAC,CTGGATAACTTTGAACTGCAGGGG,0.0,0.0
BADN01001578.1_2419_fst,A,T,ATGACAGAGAA,ATGACTGAGAA,GCATGCAGTTATACAGAGTCACATCT,0.0,0.0
BADN01001581.1_6654_fst,G,A,GCCATGCGGAA,GCCATACGGAA,TACTTTACAGTGTTATGGCCAAAGCC,0.0,0.0
BADN01001592.1_23229_fst,C,T,CATCCCTTCAA,CATCCTTTCAA,TTCTCCCTGCCCCATCTCTTTTTT,0.0,0.0
BADN01001609.1_14142_fst,C,T,GAATACGAAGG,GAATATGAAGG,CCACCTTCTTGGATTTTCGTGAGG,0.0,0.0
BADN01001613.1_505_fst,C,T,TGGGCCTCACA,TGGGCTTCACA,GAGGATCCAACAGCATCTCTCGTG,0.0,0.0
BADN01001753.1_6183_spatial,G,T,TCTATGATGCT,TCTATTATGCT,GCTGCAGTTTGTAATAATAAGCGCC,0.0,0.0
BADN01001793.1_365_fst,C,T,GCAGCCCCCCC,GCAGCTCCCCC,CTGTGTCAGTTAATAATTGCTGCAGC,0.0,0.0
BADN01001830.1_3328_fst,A,G,CTTCTA.AGCT,CTTCTG.AGCT,AGTGAGTGTGTTGTAGTTTAGCCCT,0.0,0.0
BADN01001834.1_15149_fst,C,A,AGCATCGTGCT,AGCATAGTGCT,TGGCTAAATCCAGTCTGCTATAGGC,0.0,0.0
BADN01001834.1_17712_fst,T,G,TACATTGTCTG,TACATGGTCTG,TCATTTTCTGCAACTGCTTTCTGC,0.0,0.0
BADN01001835.1_12128_fst,C,G,TGGCACAGACG,TGGCAGAGACG,GATACAGGCTTGCTTGCTCACATT,0.0,0.0
BADN01001836.1_3257_fst,T,A,AGCCATATCAA,AGCCAAATCAA,GTGCGCGTGGACAGCATG,0.0,0.0
BADN01001840.1_1656_fst,T,A,TCCGCT.GCTG,TCCGCA.GCTG,CTTCCTCAGACGCACTGCAGTC,0.0,0.0
BADN01001941.1_8475_spatial,C,T,CCACACGAGAC,CCACATGAGAC,AGAGGGGTTTGAGGAGAGGATAGT,0.0,0.0
BADN01002266.1_3438_neutral,A,G,AAGGCACCATG,AAGGCGCCATG,CATGGAGCTTTAACTGGTCTTGCC,0.0,0.0
BADN01002302.1_39333_spatial,G,A,CAAACGAACAG,CAAACAAACAG,GCAGTACAAATTGGACAAAAACCCAC,0.0,0.0
BADN01002418.1_7981_neutral,C,T,GATAGCTCCCA,GATAGTTCCCA,TCCAGCTGTCCTTGACTCAAAACT,0.0,0.0
BADN01002446.1_12544_neutral,C,G,TTTAACTAAAG,TTTAAGTAAAG,GCTCCATTTCCTTACAGCAACTTCC,0.0,0.0
BADN01002494.1_2160_neutral,T,C,ACCTGTTTTGT,ACCTGCTTTGT,TTGAGTTCAGCAGTAGTGTCTTTCAC,0.0,0.0
BADN01002730.1_2003_neutral,G,T,CACATGCGTAC,CACATTCGTAC,ACGGGCAGTAAAGGGTTAAACGTA,0.0,0.0
BADN01002735.1_8816_spatial,C,T,GCAGTCTGATG,GCAGTTTGATG,TGCATTTCCTGGGAGATACTGGTT,0.0,0.0
BADN01003459.1_468_neutral,T,A,TGAATTTAGAG,TGAATATAGAG,AGGGGCCATAGATACACTGAAAAAATC,0.0,0.0
BADN01004216.1_9674_neutral,C,A,TGGGCCTGGCC,TGGGCATGGCC,ATAGAGGACTTACTGCACATGGGC,0.0,0.0
BADN01004233.1_2995_spatial,A,G,AGTGAACAGAG,AGTGAGCAGAG,ACCACAGACGGCATAGAGAAACAT,0.0,0.0
BADN01004738.1_15903_spatial,G,C,ACACAGACTGT,ACACACACTGT,AGCGATGTTTGTCAAACCTTCACA,0.0,0.0
BADN01004887.1_2949_neutral,G,A,TGTGAGATGCA,TGTGAAATGCA,ACAGACCAATGAGGACACATGTGA,0.0,0.0
BADN01004922.1_1259_spatial,A,G,ATATAAAATAG,ATATAGAATAG,TCATTTGCTGACTTGGCATACAGT,0.0,0.0
BADN01005541.1_8858_neutral,A,G,GCATTAATATT,GCATTGATATT,TCCACAAATACTTTTCAAACGACGTCA,0.0,0.0
BADN01005689.1_4692_fst,A,T,TGCACACACAT,TGCACTCACAT,AGAGACTCACTGAAACACTGTCCC,0.0,0.0
BADN01005955.1_32201_neutral,T,A,CATCTTGGCCT,CATCTAGGCCT,TTGCCTTTCTGACCAGCATACAAG,0.0,0.0
BADN01005993.1_31502_fst,A,G,GGTCAAAATGA,GGTCAGAATGA,GAATCAAGGCTTGCCGATGAATCA,0.0,0.0
BADN01005993.1_32895_fst,A,C,TTGACAGCCAG,TTGACCGCCAG,GCCACTGCAGGAAGTTAAAGCTAC,0.0,0.0
BADN01006149.1_14799_neutral,G,A,TTCTCGTGAAG,TTCTCATGAAG,GAGAGTTGCCGTCTCAGAAGAGG,0.0,0.0
BADN01006734.1_6843_neutral,G,A,TGTCAGGCGCA,TGTCAAGCGCA,CAGTGTGGTGATGTTGATGGGCTC,0.0,0.0
BADN01006838.1_2861_neutral,G,A,ACACAGGAACA,ACACAAGAACA,AAGAAAATAACAGTGCAGGGCAGG,0.0,0.0
BADN01007017.1_1608_neutral,A,T,CCTGTATAAAC,CCTGTTTAAAC,ATGAGTAACATGTGGCCTCCTGT,0.0,0.0
BADN01007184.1_8128_neutral,G,A,GCGCAGGTGAT,GCGCAAGTGAT,AAGACCTCCATCGCTGGACATC,0.0,0.0
BADN01008349.1_8887_spatial,A,T,TTGGAAA.TCT,TTGGATA.TCT,CCAGCACCTTGTTTAATCCATGCT,0.0,0.0
BADN01008768.1_4115_spatial,A,T,CCTCCATAACT,CCTCCTTAACT,CTGTTGCTGAATGCCTCTGCTTTC,0.0,0.0
BADN01009333.1_15963_neutral,T,G,TGTGTTGGTTA,TGTGTGGGTTA,TTACAAAATGGGCTGCAGATCCAC,0.0,0.0
BADN01009426.1_1232_spatial,T,C,CCTTTTTCCCT,CCTTTCTCCCT,GTTGTGTCAGATGGGCTAAAGGGA,0.0,0.0
BADN01009542.1_3209_neutral,A,C,TAACAAGAACT,TAACACGAACT,CGTGAGAGGGTTGGATAAAACAGC,0.0,0.0
BADN01011341.1_7380_spatial,G,A,AGACTGTTTTG,AGACTATTTTG,TGGAAAGTGTTTATGTGTCCAAGGG,0.0,0.0
BADN01011365.1_10899_fst,A,G,TGAGAACTGGG,TGAGAGCTGGG,ATAAATGGCTTTGGGAATTGGGGC,0.0,0.0
BADN01011365.1_5538_fst,A,G,ACAACAATACC,ACAACGATACC,TGCTTAATACATGGAAGGGAGCGA,0.0,0.0
BADN01011378.1_4248_fst,C,T,GTCACCACTGC,GTCACTACTGC,TCTCTCTTTCACCACAGCTGTTGA,0.0,0.0
BADN01011382.1_4194_fst,A,G,TCTGTACCCTT,TCTGTGCCCTT,AACAGGTGTTTGGGTGCTTATCAC,0.0,0.0
BADN01011511.1_4422_spatial,C,T,TCTGTCTGTAA,TCTGTTTGTAA,GAGTCTGTTAGTGTCGTCCCACTT,0.0,0.0
BADN01011773.1_351_spatial,A,G,GACGCATTATA,GACGCGTTATA,ATCTGGTAAGTAGGGTCAGGACGC,0.0,0.0
BADN01011800.1_6498_neutral,G,A,TTCA.GGATAG,TTCA.AGATAG,GATGGCTCCGAAACCAGAATCATC,0.0,0.0
BADN01012333.1_6305_spatial,C,T,GCTC.CCGCTG,GCTC.TCGCTG,ACAGACATTGTAAAATTTCCCTCAGATCT,0.0,0.0
BADN01012513.1_4727_spatial,C,T,ATCATCGGCAT,ATCATTGGCAT,TCTCTGCAGAATCTCTCCCAGTTG,0.0,0.0
BADN01012602.1_7316_neutral,C,T,GATATCGCTCC,GATATTGCTCC,AGGGATGAGAGGGACACAAACATG,0.0,0.0
BADN01012928.1_6882_neutral,C,T,CCTTCC.GAGT,CCTTCT.GAGT,GAGTGTTCCAGGTAACCACTTCCC,0.0,0.0
BADN01013043.1_11522_neutral,C,T,TCCTCCTCCCT,TCCTCTTCCCT,CAACATCTTCGCTCCCTTGTCAAA,0.0,0.0
BADN01013056.1_7079_neutral,G,A,TGTCCGTAACA,TGTCCATAACA,GCCTTGGGTTGCAAAAGAATCACT,0.0,0.0
BADN01013368.1_19326_spatial,C,T,GAGAGCGAGGA,GAGAGTGAGGA,TTTTCGAACTCTGGATCAGCCTCT,0.0,0.0
BADN01013711.1_2962_neutral,G,A,ATCACGTCTGT,ATCACATCTGT,AACGATGGCTTAGTCCCATTGAGG,0.0,0.0
BADN01013940.1_3108_neutral,A,G,CTGCCAGCCAC,CTGCCGGCCAC,ATTCACCTTCTGTCCATCCTCCAG,0.0,0.0
BADN01014241.1_1891_fst,G,A,TGGGGGTGTGT,TGGGGATGTGT,AGTACAGTGCTTAGCTTTTGTGCC,0.0,0.0
BADN01014245.1_3368_fst,G,A,AGTTAGA.TTT,AGTTAAA.TTT,GCGCCCTGCAGCTATAATTATGTC,0.0,0.0
BADN01014263.1_1269_fst,A,G,ACGGGAACTTC,ACGGGGACTTC,GCTATGTTTGCATGCTTAAACCGC,0.0,0.0
BADN01014545.1_1865_neutral,G,T,ACAGAGGAACA,ACAGATGAACA,AAAAGGGAAAAGGTGGTAGGAGGC,0.0,0.0
BADN01014613.1_24880_neutral,A,G,AAGTTATTTTC,AAGTTGTTTTC,AGGTGAAACAGATTGAGCACCAAG,0.0,0.0
BADN01015132.1_4139_neutral,G,A,AAAAAGAGGAT,AAAAAAAGGAT,GCTAAGTCAGTGTGCCTGGTAACT,0.0,0.0
BADN01015268.1_3715_neutral,T,G,TGGCCTGCCCA,TGGCCGGCCCA,GTTATGCTAATTGGCTGGTGGTGG,0.0,0.0
BADN01015376.1_1843_fst,T,A,AGTAGTGACCG,AGTAGAGACCG,GCCTTATGTATGACTTTGCCAGGG,0.0,0.0
BADN01015386.1_956_fst,A,G,CGAAGACACTA,CGAAGGCACTA,AGTGTGAAATGGAGTTACAGGCGA,0.0,0.0
BADN01015498.1_6536_spatial,T,G,CAATATCTATC,CAATAGCTATC,AGCATGCTTACAGTCATCACATACATG,0.0,0.0
BADN01015876.1_1945_spatial,A,G,GCTGCAAAGCT,GCTGCGAAGCT,GATGATAATGGGCGAGAAAGCAGG,0.0,0.0
BADN01016098.1_2791_neutral,G,T,ATCTGGTTCTT,ATCTGTTTCTT,TCTGATCTCCACCAATTCCTGAGG,0.0,0.0
BADN01016309.1_9855_neutral,G,T,ATGTTGCTTGC,ATGTTTCTTGC,ATTCAAAGTGGCAACCGTCAACAT,0.0,0.0
BADN01016640.1_6107_spatial,C,T,CAGAGCAACGC,CAGAGTAACGC,GTAGACAGGCTGTGGGAGGATTTC,0.0,0.0
BADN01016962.1_7022_neutral,C,T,TCCAGCTATGT,TCCAGTTATGT,GTGTGTGTCCTCTCTTCTCCTCTC,0.0,0.0
BADN01017105.1_9741_spatial,C,T,CTCTCCCTGCC,CTCTCTCTGCC,GAAATTCGATTTGAACGCGGCTCT,0.0,0.0
BADN01017325.1_2169_spatial,C,T,CATGTCGCTCC,CATGTTGCTCC,TTTACCGTCCCTTTCACCCCTTTT,0.0,0.0
BADN01017607.1_752_neutral,G,A,CTGTTGTTTTA,CTGTTATTTTA,GCAGCAGACATTTAAATTATCACAGCA,0.0,0.0
BADN01017626.1_5109_neutral,A,G,GTTTTACGGCA,GTTTTGCGGCA,GACACCTAACACAGCAGCTCTACT,0.0,0.0
BADN01018438.1_10508_neutral,C,G,AAACCCTACAT,AAACCGTACAT,TGAATGTAGGTTTGTTGCCAGAGC,0.0,0.0
BADN01018913.1_834_spatial,C,G,GTAAACCTTTA,GTAAAGCTTTA,CTTATCTATGTGAACCAGGTGTGTTGT,0.0,0.0
BADN01019062.1_8588_neutral,G,A,AAACCGACGTT,AAACCAACGTT,CTGTTAAAGCCGACTGACAGCTG,0.0,0.0
BADN01019759.1_8524_neutral,C,T,AGGCTCCTCAT,AGGCTTCTCAT,CCTTCATGTCACGTAATGGGGTTC,0.0,0.0
BADN01021226.1_6023_spatial,A,C,ATGCCAAGGAT,ATGCCCAGGAT,CCATGCATGCTCATACACACTCAG,0.0,0.0
BADN01021577.1_1709_neutral,G,T,AGAATGGCAGC,AGAATTGCAGC,TGTTTGTAGCATGCTTCTTCGTGG,0.0,0.0
BADN01022062.1_1904_neutral,A,G,CAACCAGCATG,CAACCGGCATG,AGTAAGACACACACACACACGAGA,0.0,0.0
BADN01022352.1_4685_neutral,A,G,CCCGGAGGATT,CCCGGGGGATT,ATACTAGCAGAGACAGACCTGGGA,0.0,0.0
BADN01022692.1_2241_spatial,G,A,TCATCGACACA,TCATCAACACA,TGGGGAAATGCTGAACTGATTAGC,0.0,0.0
BADN01022716.1_996_neutral,G,A,CCGCCGAGAAT,CCGCCAAGAAT,TTCGGCATGCTCCCTGAATAGG,0.0,0.0
BADN01023442.1_1276_neutral,C,T,CTTTGCGCTCG,CTTTGTGCTCG,AGTGACATCTGTGGCCGTTAAATG,0.0,0.0
BADN01023469.1_2605_neutral,C,T,GACCTCGCTCA,GACCTTGCTCA,CAGTACCTTCAAGAGCAAGGCATG,0.0,0.0
BADN01024136.1_1269_neutral,G,A,TTATTGAGGCT,TTATTAAGGCT,TGCCTGGAAAAGAAATTGTGCTGT,0.0,0.0
BADN01024210.1_31269_fst,C,T,GGGAGCGATGA,GGGAGTGATGA,CTCTGGGTCTGGGAGGGAGAG,0.0,0.0
BADN01025282.1_9790_spatial,T,G,ACAAGTATCAA,ACAAGGATCAA,CGACTGTTTGTCCTCATGAATATCTGA,0.0,0.0
BADN01025893.1_1231_spatial,C,T,TCTTTCTGGAG,TCTTTTTGGAG,CAGATGATTCTGCAGTGGCCG,0.0,0.0
BADN01026007.1_15834_spatial,C,T,TTCTCCACACA,TTCTCTACACA,CCTCACCCATCTTGTCAGCAAATG,0.0,0.0
BADN01026026.1_12955_neutral,G,A,TCTCCGGTCTG,TCTCCAGTCTG,TAACTGCCTGCATGCATCATTTCC,0.0,0.0
BADN01026037.1_2827_neutral,C,T,GCCACCG.G.T,GCCACTG.G.T,GTTCATGTATGAGTGCAGGTGCTG,0.0,0.0
BADN01026705.1_1213_neutral,G,A,GACACGCATTC,GACACACATTC,CCTCAGAAACTCTGTAATAGGCACAG,0.0,0.0
BADN01027151.1_5896_neutral,G,A,.CTCCGGTTCT,.CTCCAGTTCT,CTGGACATGTTCAATGTAGCAGGC,0.0,0.0
BADN01027163.1_3934_neutral,C,T,AAATACTTCTA,AAATATTTCTA,ACCAGGAAGCCTCACCTTCAAAAT,0.0,0.0
BADN01027585.1_454_spatial,T,C,ATGTGTGGACA,ATGTGCGGACA,CTTCTGTATACTCTCCCAGCGGAC,0.0,0.0
BADN01027892.1_2526_neutral,C,T,CTGAACGATCA,CTGAATGATCA,ACAAAACTTGACATTTACGTGATGTGC,0.0,0.0
BADN01028299.1_514_neutral,G,A,ACAGAGAGGGA,ACAGAAAGGGA,TGAGCATTTCAACAGGACACTCCT,0.0,0.0
BADN01028862.1_4936_spatial,G,A,TGTGTGTGTGT,TGTGTATGTGT,AAGCCTGAGATTTACACCTCGACA,0.0,0.0
BADN01029081.1_18656_spatial,A,T,GAGAAAA.ACA,GAGAATA.ACA,CATCTTCCATTCACACAGCACACT,0.0,0.0
BADN01029300.1_2959_neutral,T,C,ACTAATGATGC,ACTAACGATGC,CAAGACAGTGGTGAACATGGTGTC,0.0,0.0
BADN01029452.1_15039_spatial,C,T,AACATCTGTAA,AACATTTGTAA,TCACTGTCCTTTCTGCCATGTATCA,0.0,0.0
BADN01029483.1_2458_spatial,A,T,ATTG.ACTGCA,ATTG.TCTGCA,ACGACAACATCCACTCCACTTACT,0.0,0.0
BADN01029764.1_15277_spatial,T,G,CATACTGTACT,CATACGGTACT,CCTCCCTCCCACACAAGAACATAT,0.0,0.0
BADN01030571.1_4499_spatial,A,G,CATCCATTAAT,CATCCGTTAAT,GAGCTGTCCGTCTTACCACATCC,0.0,0.0
BADN01031183.1_439_neutral,A,G,GCTAGACTGGC,GCTAGGCTGGC,GCAGAAATTAATTAGCTAACTTGCATGCT,0.0,0.0
BADN01032801.1_1821_spatial,G,C,TCT.TGTGTGC,TCT.TCTGTGC,AAACTCATTCACCACCCACCACTA,0.0,0.0
BADN01033018.1_165_neutral,G,A,ACGAAG.TACA,ACGAAA.TACA,CTCATTTCCCCGGCAACCACAG,0.0,0.0
BADN01033081.1_3421_spatial,A,G,GGATTACACTG,GGATTGCACTG,ATCCGGTGCTTTTTTTGGTCACTT,0.0,0.0
BADN01033132.1_1277_spatial,C,T,CTTAGCCCACG,CTTAGTCCACG,TGATGTTTGGAGTCCAGTGGCTTA,0.0,0.0
BADN01033187.1_1509_neutral,T,C,AGGTCTACAGG,AGGTCCACAGG,AGTGTAGCAGAAAGTCAGGTACAACT,0.0,0.0
BADN01033752.1_2885_neutral,T,C,CACTGTGGTTT,CACTGCGGTTT,CAGCAAACCTTGGGAAGCTGTAAT,0.0,0.0
BADN01033763.1_9643_neutral,C,T,ACACACAGACA,ACACATAGACA,AAAACACACACTCATGAGCACACA,0.0,0.0
BADN01033901.1_735_spatial,A,G,G.GGGAGGAGA,G.GGGGGGAGA,CCTGTATGTGACTAACGTGTGTGC,0.0,0.0
BADN01034341.1_6446_neutral,T,C,GGGTGTTACAG,GGGTGCTACAG,AGGATGTTCAAAGGTGGAGACAGA,0.0,0.0
BADN01034348.1_2858_neutral,G,A,TTTAAGTGTGC,TTTAAATGTGC,GAGAGGGTACGGAGAAGTGATCAC,0.0,0.0
BADN01035067.1_1988_neutral,A,T,TTCATA..AA.,TTCATT..AA.,ACAAGTTATCCTCCATCCAATCACATG,0.0,0.0
BADN01035092.1_4669_neutral,T,C,CTGCTTGCCTC,CTGCTCGCCTC,CCTGTTGACTGTGGCCTTGAGATA,0.0,0.0
BADN01036219.1_831_spatial,A,G,TGGATATTTTT,TGGATGTTTTT,TGGCACATTTTGAGAACTTAGCTGG,0.0,0.0
BADN01036226.1_1764_neutral,C,T,GATATCGACCA,GATATTGACCA,CAGGGAGTTTGAGGAGACGATGG,0.0,0.0
BADN01036387.1_9607_neutral,G,T,TCGCTGTTATC,TCGCTTTTATC,TGCTCACATGCATGTTGAAAGAGT,0.0,0.0
BADN01036484.1_7898_neutral,A,G,CAGCAAGCTGG,CAGCAGGCTGG,AGGCAAGTGCATACATAGCATAGC,0.0,0.0
BADN01036790.1_1994_neutral,A,G,TTTCAACCTTC,TTTCAGCCTTC,AACATGACCTATTTGTTTACCCTCAGG,0.0,0.0
BADN01036963.1_3436_neutral,C,T,GCGCACAACAG,GCGCATAACAG,GTTGCCCTTTCACACATGTAGCG,0.0,0.0
BADN01037976.1_219_fst,A,G,GAGGGAAAGTC,GAGGGGAAGTC,CAGCCACAGCCCTCAGATAGAG,0.0,0.0
BADN01037979.1_532_fst,T,C,GT.ACTGGAGC,GT.ACCGGAGC,TCCAGTATCTGAGAGAGAGAGTAGTGT,0.0,0.0
BADN01038714.1_13935_neutral,T,A,CAGTGTCTGTT,CAGTGACTGTT,ACCATGGGATATGACCAGTACAGTG,0.0,0.0
BADN01038760.1_1627_spatial,A,G,TTTACAGTGGC,TTTACGGTGGC,ATGCGTGCATGCTCATGTGTTTTA,0.0,0.0
BADN01038817.1_4299_neutral,A,T,CTGGCA.AAAA,CTGGCT.AAAA,TGACTGCCGACATCAATATACTCTGA,0.0,0.0
BADN01038903.1_8263_neutral,C,T,CTGCACAAAG.,CTGCATAAAG.,GTCAGTTATGGTATATGAGGTCAAACGT,0.0,0.0
BADN01038929.1_7947_spatial,G,T,CAACCGGTTCA,CAACCTGTTCA,ACTGCAGGGCCTTAACAATATAGGT,0.0,0.0
BADN01039266.1_785_spatial,A,C,TGTGAAAAACT,TGTGACAAACT,CCATCCTTGTGTTGATACTGCAGC,0.0,0.0
BADN01040743.1_556_spatial,G,C,AGGCAGT.AGC,AGGCACT.AGC,AATGCTCCTTGACCTCAGAAGTCA,0.0,0.0
BADN01040951.1_1696_neutral,T,C,TGAGATGCTGT,TGAGACGCTGT,TTGGCATCCTGGAAACAAGCTTTT,0.0,0.0
BADN01041447.1_8375_spatial,T,A,CTACATGGTGA,CTACAAGGTGA,ACACACCCCATCAAGAATCCTACA,0.0,0.0
BADN01042428.1_10348_neutral,G,A,GCAGCGTTATA,GCAGCATTATA,GTGGGTATGTGAATGAGCATGCTC,0.0,0.0
BADN01042455.1_6873_neutral,C,G,CCTCTCATGTT,CCTCTGATGTT,GCAGTGCCACTAGTTCTTCCTCT,0.0,0.0
BADN01042530.1_418_fst,C,T,ACCCCCGAAAT,ACCCCTGAAAT,ACTGCAGGGCTATGAGGTGATTTC,0.0,0.0
BADN01042796.1_2544_neutral,G,A,CCACAGTTTGA,CCACAATTTGA,GCCAGAGATTCCAGTTCTTACCCA,0.0,0.0
BADN01043107.1_5938_neutral,T,A,TTTGTTCTAGA,TTTGTACTAGA,AGTGAATCACAAACAGCCAAACCA,0.0,0.0
BADN01043658.1_8812_fst,T,C,TTTGTTTAATT,TTTGTCTAATT,TGGCCCTATGTAAAGTGTGAGTTTTG,0.0,0.0
BADN01044032.1_6731_neutral,G,A,GAAAGGTCTAA,GAAAGATCTAA,CAAAGGACTTGTGAAAACGCCTGT,0.0,0.0
BADN01044108.1_920_neutral,C,G,ACTGACTACTG,ACTGAGTACTG,CACAATCAGCCTGTAACACTTGGG,0.0,0.0
BADN01044297.1_7213_neutral,C,T,GCAGCCGGGCA,GCAGCTGGGCA,GAGGAAGCCCTGCAGAGCA,0.0,0.0
BADN01044970.1_1158_neutral,C,T,ACGACCGATTA,ACGACTGATTA,GCACTGCTACAACTCTCTTACGAC,0.0,0.0
BADN01045748.1_11139_fst,A,C,TGGCTACTTAA,TGGCTCCTTAA,TGATATTCCTGTTTTGGTCTCTCCCA,0.0,0.0
BADN01045748.1_11458_fst,C,A,GATAGCAATGT,GATAGAAATGT,GTAACAGTGGAGCAGAGGAGAGAG,0.0,0.0
BADN01045748.1_2702_fst,A,T,GTGTCATTTCT,GTGTCTTTTCT,CTGCGTGGGGGCTGTAGAAA,0.0,0.0
BADN01045751.1_3996_fst,C,G,CAAGACCTTCA,CAAGAGCTTCA,AGTAGCGTGATATGCAAGACCTGT,0.0,0.0
BADN01046003.1_7545_neutral,G,A,CGCTGGTAGAA,CGCTGATAGAA,ACATGAGTGGATTCAGGACCAACT,0.0,0.0
BADN01046129.1_1748_spatial,T,G,TTCTCTTGGCA,TTCTCGTGGCA,ACTGCAGAAGACATCCCTCAGTTT,0.0,0.0
BADN01046228.1_246_neutral,A,T,CACACAATTTA,CACACTATTTA,CCTTTCACTGCCGTCTGAGAATTG,0.0,0.0
BADN01046419.1_13823_neutral,G,C,GAGGAGGCAAA,GAGGACGCAAA,CCTGTCACAACACACACATAATGAGG,0.0,0.0
BADN01046494.1_8770_neutral,A,G,ACCA.AAAGTA,ACCA.GAAGTA,GCAGATACAGAGTAGAGAGTAGATGCA,0.0,0.0
BADN01046505.1_2779_neutral,T,G,TACATTTTTGC,TACATGTTTGC,ACACACACCGAAGACCCAGATAAT,0.0,0.0
BADN01046749.1_2173_neutral,C,T,GCCTGC.GAGA,GCCTGT.GAGA,AGCTCTCTTTCACTCCTCATTGCA,0.0,0.0
BADN01046817.1_2820_fst,A,C,GAAAGAAGAAC,GAAAGCAGAAC,AAGCCTGCTCAAATGTGATTGGTC,0.0,0.0
BADN01046819.1_1760_fst,C,T,AGCATCTTAAA,AGCATTTTAAA,TGAGTTGCTGGGTTAAGTCTCTGT,0.0,0.0
BADN01046821.1_5451_fst,C,T,ATATTCTGAAA,ATATTTTGAAA,TGAGGTTGACAGAGAGTAAGAAATACAGA,0.0,0.0
BADN01046961.1_2052_spatial,C,G,TCCCACTGGAA,TCCCAGTGGAA,TGGGAGAGAGCACACTTTACTTCC,0.0,0.0
BADN01046966.1_9319_spatial,G,A,TCTGAGGCTTC,TCTGAAGCTTC,CTCTGGGGAGAGCATTCTTCTGC,0.0,0.0
BADN01047068.1_17695_spatial,A,G,ATCCAATTTAG,ATCCAGTTTAG,CCTTGAGGGCAGTTGAGCATTTTT,0.0,0.0
BADN01047722.1_3317_spatial,A,T,TATGCAGGGCT,TATGCTGGGCT,CGTAGGTTGCCATGATTTCATCCC,0.0,0.0
BADN01048498.1_8872_spatial,T,C,TATACTGTAGA,TATACCGTAGA,TCCTGTGGACATCCTATCTGTTTGT,0.0,0.0
BADN01049133.1_3209_neutral,T,A,TGGTTTATGAC,TGGTTAATGAC,TTTTGGAGCTGTAGGACACCTGAG,0.0,0.0
BADN01049620.1_7381_neutral,T,C,AAGCATGATAA,AAGCACGATAA,TGACTCTTCTATGATAAGTTGACAGGCA,0.0,0.0
BADN01049993.1_3565_neutral,T,C,CAGATTGAACC,CAGATCGAACC,GCCTTCACACCACAGAAATCAGAT,0.0,0.0
BADN01050063.1_2026_spatial,C,T,TATTCCAGTGT,TATTCTAGTGT,TTACATGCACAACTCACAACTGCA,0.0,0.0
BADN01050392.1_816_neutral,A,G,AAAGCAGACCT,AAAGCGGACCT,AATACGAGAACCAGGGCAACTGTC,0.0,0.0
BADN01050565.1_4318_fst,G,A,AAATTGCTAAC,AAATTACTAAC,ACTTTATTCACTGCTGTTGTTCCTGT,0.0,0.0
BADN01051209.1_15346_neutral,A,T,CAAAAAAAA.T,CAAAATAAA.T,TCTCGTCTAAACATATGCGCCTCA,0.0,0.0
BADN01051345.1_9373_neutral,G,A,GTCAGGCAGGT,GTCAGACAGGT,CTGCATGGAGTCAGGACACCT,0.0,0.0
BADN01051401.1_742_neutral,T,A,GCAATTCTTCC,GCAATACTTCC,ACACAGCTTTGCCATGATTTGTCA,0.0,0.0
BADN01051611.1_3780_neutral,T,C,TTCAGTGTGTC,TTCAGCGTGTC,CCAAGCCCTCTACCTCCATTTCAG,0.0,0.0
BADN01051708.1_4740_spatial,A,G,CTACTAGCCAA,CTACTGGCCAA,GAGGAATTTAACAAGGATGCAGCTCT,0.0,0.0
BADN01052261.1_3258_neutral,C,T,GCTAACTTTAG,GCTAATTTTAG,GTCATCTGTGTCTGACTGTTGCAT,0.0,0.0
BADN01052362.1_1145_neutral,C,T,TCCAGCGCAAG,TCCAGTGCAAG,AGAGATTAAAGAGGAGAGGCTGCG,0.0,0.0
BADN01052978.1_435_neutral,G,C,CATG.GAAAAC,CATG.CAAAAC,TGCAACAACCAAAAGTGTTACCCT,0.0,0.0
BADN01053040.1_11901_spatial,C,T,CGTCTCGTTAA,CGTCTTGTTAA,TGCATTGGAGATTTCCCCTAATTCAC,0.0,0.0
BADN01053233.1_1510_neutral,T,G,AATTCTGTGTA,AATTCGGTGTA,TGACCCAAGAGTGTGTTAGAATGACA,0.0,0.0
BADN01053915.1_13691_spatial,C,A,TGATTCATTTA,TGATTAATTTA,TGGCTCAGACATGTATGCTTTGATG,0.0,0.0
BADN01055207.1_532_neutral,G,A,CCCTTGTTGAA,CCCTTATTGAA,CCCCCAAAAGTCACTGTTTACCCT,0.0,0.0
BADN01055356.1_474_neutral,G,A,ACGACGTGATA,ACGACATGATA,ATTGATGGGTCCTCAGTGTCCATT,0.0,0.0
BADN01055419.1_351_neutral,G,A,TCAGCGGTCTA,TCAGCAGTCTA,ACTGTGGAGTCCATCAGCTTTCTG,0.0,0.0
BADN01055553.1_3378_neutral,G,A,TAAGCGACAAC,TAAGCAACAAC,ACGTTATGTAGCCCCAAAGTAAGC,0.0,0.0
BADN01056378.1_6679_neutral,A,G,CCAACATACCA,CCAACGTACCA,TCCACCAATTTTGATCACAATGTTGGA,0.0,0.0
BADN01056577.1_6515_spatial,C,T,ACATACGTGCT,ACATATGTGCT,AAAATGAGAGACAGCAGGTTCCTG,0.0,0.0
BADN01057011.1_24879_neutral,G,C,ATGTCGAGGCC,ATGTCCAGGCC,TGTTGCATCCGGATTGAACTGAAA,0.0,0.0
BADN01057149.1_476_neutral,T,C,TAACGTAGGGG,TAACGCAGGGG,TGAAACTCTCTACAGGTGCATGCT,0.0,0.0
BADN01057323.1_9470_neutral,T,A,ATCACTAGACA,ATCACAAGACA,CTGATGCTGCTGTGATGAAACACA,0.0,0.0
BADN01057691.1_23269_neutral,T,C,GCCATTGGCAT,GCCATCGGCAT,TTCTTGTCCCATTCCTCTCTGCAA,0.0,0.0
BADN01058098.1_13763_neutral,G,A,GTGTCGG.TTT,GTGTCAG.TTT,AACCTATCGCTGCCAGGTAAATCT,0.0,0.0
BADN01058108.1_5159_neutral,G,C,TATCAGACTGA,TATCACACTGA,TGTGTGGCTCTTCTAGACTTTCCA,0.0,0.0
BADN01058170.1_15057_neutral,G,A,TCCACGAGCTC,TCCACAAGCTC,CCTGCAGGTGAATTCCAACCAG,0.0,0.0
BADN01058307.1_5419_fst,A,G,A.AGCAACATC,A.AGCGACATC,AGCATTGGATGTTTTTGACAGGGT,0.0,0.0
BADN01058319.1_5341_fst,G,A,TAGTGGTGAGC,TAGTGATGAGC,TGTCTGACCCTGCAGAGAAAAAGA,0.0,0.0
BADN01059466.1_9499_neutral,G,A,AACCCGACACC,AACCCAACACC,CAGTGCGGGAATGTGAAACCC,0.0,0.0
BADN01059959.1_4156_spatial,T,C,TAACATTAACC,TAACACTAACC,GTTGTGTTCTGTCTGCAGTGGTTA,0.0,0.0
BADN01060653.1_6982_neutral,C,T,AGCGCCGTTCA,AGCGCTGTTCA,CAGAGATTAATTTCAGTCACTTCCTTCCA,0.0,0.0
BADN01061256.1_1240_neutral,T,A,CTGTCTGGTGC,CTGTCAGGTGC,CATCACTGCCCCTGAACAAACATG,0.0,0.0
BADN01061312.1_2107_neutral,G,A,CACAAGTACAG,CACAAATACAG,GTTACATGACCACCGCCTCTTTTC,0.0,0.0
BADN01061755.1_15610_neutral,C,T,AGTCTCGACTC,AGTCTTGACTC,TTGTCCCGTTCAGAAGTAGCAGAA,0.0,0.0
BADN01062019.1_1070_neutral,C,T,TGTGTCCACCC,TGTGTTCACCC,GTTTAGTTGGAGCAACAGTAGGGC,0.0,0.0
BADN01062201.1_16949_neutral,A,T,ACGGAAACACA,ACGGATACACA,AAGGATACAAGGTGACGCACGG,0.0,0.0
BADN01062554.1_7253_neutral,C,T,AGAGACGGAGA,AGAGATGGAGA,ATGACACAGAGACAGAGAGCAGAG,0.0,0.0
BADN01062661.1_3443_spatial,A,G,TGGTCATAAAT,TGGTCGTAAAT,TCCAGCAAATGTTCTGCAGCTATG,0.0,0.0
BADN01062948.1_1134_neutral,G,A,GGACGGAGGAG,GGACGAAGGAG,TTGTAAGACAAACACAGGCAGCAG,0.0,0.0
BADN01063274.1_1510_neutral,T,G,AAAATTATCTG,AAAATGATCTG,TGCTCAATGACGTTAGTTCAGAAAGAA,0.0,0.0
BADN01063722.1_671_neutral,C,T,TATGGCATGTA,TATGGTATGTA,AGCACCCTCAAAAAGTTGACAGTG,0.0,0.0
BADN01064221.1_10551_neutral,G,A,CAAACGACAGT,CAAACAACAGT,CATCTGCACACGTTACCTCGC,0.0,0.0
BADN01064365.1_1793_neutral,G,C,TTGTGGCTGGA,TTGTGCCTGGA,TAAGGTGCATTTTCATCAGGCCAC,0.0,0.0
BADN01064919.1_8488_fst,A,G,AAGAAAAGATT,AAGAAGAGATT,CAAGTCCTGCTTTTCAGAAGCCAA,0.0,0.0
BADN01065892.1_3822_spatial,G,A,TCCCTGGAGGT,TCCCTAGAGGT,TTTGTAGTAAATGGAGCTGTGGAGC,0.0,0.0
BADN01066529.1_12372_neutral,G,A,CATACGGTGGC,CATACAGTGGC,TGTAGGAGGAGTTGCAGCTTGAAA,0.0,0.0
BADN01066935.1_6534_spatial,A,G,GTCTAAATACA,GTCTAGATACA,CCTGCAGTGGAAGAAAATATGGGC,0.0,0.0
BADN01067669.1_2298_spatial,A,G,AAACCAAGTGA,AAACCGAGTGA,GACCCTGAATGCATGCGGAAAG,0.0,0.0
BADN01068555.1_4844_spatial,G,A,AATCAGCCTGA,AATCAACCTGA,TGTGTCATATTGCACGTGGGTGTA,0.0,0.0
BADN01068703.1_2822_neutral,G,A,TTAACGTCAGG,TTAACATCAGG,CCAAACACTTCATGGCGTACCTG,0.0,0.0
BADN01069812.1_5587_spatial,G,C,AAATAGTTTCA,AAATACTTTCA,ACATCTAAGCTACAAGACTACACTGCT,0.0,0.0
BADN01070313.1_3149_neutral,T,A,ACAGATGACAG,ACAGAAGACAG,AGGTGATTATACGTCTGCACCAAAC,0.0,0.0
BADN01071318.1_11438_spatial,C,T,GCCGGCTTTCC,GCCGGTTTTCC,AGAGGTGTGTTTCTGAAGGGACAG,0.0,0.0
BADN01071321.1_6712_fst,A,G,CTTTTATACTA,CTTTTGTACTA,ACACCTGACAGAGTAAACTGGACA,0.0,0.0
BADN01071599.1_592_neutral,C,T,GCCGCCGCAAA,GCCGCTGCAAA,ACTGCAGCTTTAGTTTGTTGCCTG,0.0,0.0
BADN01071745.1_7113_spatial,C,T,TGAATCTAGGA,TGAATTTAGGA,TTTAGAGGTGAACGAGGGCTGAAT,0.0,0.0
BADN01072067.1_3785_fst,G,C,GGGGTGGGATG,GGGGTCGGATG,CCTGGCCAACCTTAAGATCCCC,0.0,0.0
BADN01072111.1_3230_spatial,T,C,TTTTTTCCCCT,TTTTTCCCCCT,TGGCATCCCACCTCAATTTGTCAT,0.0,0.0
BADN01072119.1_2766_fst,C,G,AGCGGCAACAT,AGCGGGAACAT,TATTGGTGTGTTTGGATCAAGCGG,0.0,0.0
BADN01072485.1_538_fst,T,G,CCAAATTCAGT,CCAAAGTCAGT,AGTACGACTGCATGCAAATCCAAA,0.0,0.0
BADN01072497.1_2533_fst,T,A,TTGAATGCTGG,TTGAAAGCTGG,CACTATTTGCATTAAAATCCCACAGCA,0.0,0.0
BADN01072565.1_11136_neutral,C,T,ATCCCCGCAAG,ATCCCTGCAAG,GTCTCATAGAGAGCTACGGATCCC,0.0,0.0
BADN01073078.1_3670_neutral,C,T,TGGAGCCTCTC,TGGAGTCTCTC,ACGCAGGAAGTGGATGTGAATACA,0.0,0.0
BADN01073317.1_243_neutral,A,T,CATTAAATTCC,CATTATATTCC,TGGACACATTTAACTTAAGTTTTTGGCAA,0.0,0.0
BADN01073827.1_4752_spatial,T,C,TAAACTGGAAC,TAAACCGGAAC,GCAACAAAAATAAGGCTGCAGTGG,0.0,0.0
BADN01073936.1_4207_fst,C,T,ACACCCTGCTT,ACACCTTGCTT,CACATGCATGCTCTCTGTGTGTG,0.0,0.0
BADN01074255.1_9279_spatial,A,G,AACAAATGATG,AACAAGTGATG,ACACCTTCTCTATGCTGGGAAACA,0.0,0.0
BADN01074554.1_981_neutral,G,A,AACTCGCTAAC,AACTCACTAAC,GACACTCCACCTTCTTCCAAGTCA,0.0,0.0
BADN01074840.1_856_neutral,G,A,ATGACGCAAAT,ATGACACAAAT,TCAACTTGTGTGAATACGCGAATGA,0.0,0.0
BADN01074961.1_1812_neutral,A,G,AAATCAGTGAA,AAATCGGTGAA,CCAGAGTGTGCCACAAGAACAAAT,0.0,0.0
BADN01075129.1_2037_neutral,G,T,TCAATGGGCAA,TCAATTGGCAA,TAGGTGCGTATGCTGCTGATTTTG,0.0,0.0
BADN01075639.1_13406_neutral,C,A,GCTGGC.AA.G,GCTGGA.AA.G,ATTACAGCCTGCATAGACGTGTCA,0.0,0.0
BADN01076631.1_1332_neutral,G,A,TCAGAGCAGTC,TCAGAACAGTC,GCCAAACAGCCTGAGGGTTCA,0.0,0.0
BADN01077079.1_741_neutral,G,A,CAGTTGAATTG,CAGTTAAATTG,TTTAGCCCCACTGTACCCATGAAT,0.0,0.0
BADN01078362.1_2166_neutral,C,T,TGGGTCGTACT,TGGGTTGTACT,TGTGATTCTGCTCTCAGGCTCTAC,0.0,0.0
BADN01078879.1_7378_neutral,C,A,CACTACAGTGT,CACTAAAGTGT,AAGATGATGGCAACCTTTCAGTGC,0.0,0.0
BADN01079389.1_1562_neutral,C,T,CAGATCCTGCA,CAGATTCTGCA,CCCACATGGCGGAACTCTTTC,0.0,0.0
BADN01079465.1_97_spatial,C,T,GGTTCCGCAGG,GGTTCTGCAGG,GTGGGAAGCCTCCTGTATCATCTT,0.0,0.0
BADN01079677.1_10679_spatial,T,G,GTACTTCT.TC,GTACTGCT.TC,GCCTACAGACAACACTTTTAGCCC,0.0,0.0
BADN01079834.1_762_fst,A,G,GCAGAAGCACT,GCAGAGGCACT,GATTCTCTCGCAGTGGATCCAGAA,0.0,0.0
BADN01080119.1_2112_neutral,C,G,TGTCACCATAA,TGTCAGCATAA,AGCCAGCCCTCTGAAAGACTTATG,0.0,0.0
BADN01080556.1_5079_neutral,G,A,TTCCAGGGGGG,TTCCAAGGGGG,GCTGCAAGACAAAGGCTCACC,0.0,0.0
BADN01080850.1_643_neutral,C,G,AGGTTCAGGTT,AGGTTGAGGTT,TCAGACATCAGGCATGCCTCTAAA,0.0,0.0
BADN01080882.1_3609_neutral,A,T,A.GCCAGCGAT,A.GCCTGCGAT,AAGAGGAGACACACTGAGCTGTTT,0.0,0.0
BADN01080967.1_4525_spatial,G,A,CCACTGTGTGT,CCACTATGTGT,TACTCTCTGACAAAAGACTCCCGC,0.0,0.0
BADN01080987.1_1040_neutral,G,A,GCGAAGGTTCC,GCGAAAGTTCC,GAGGTGACTTTGAGGTTTTCTGCG,0.0,0.0
BADN01081569.1_1412_neutral,T,G,GTTATTTTGCA,GTTATGTTGCA,GTGATACCATACTGCCAGCCTGTA,0.0,0.0
BADN01081624.1_3848_fst,C,T,TTCTTCGAGGC,TTCTTTGAGGC,AGGTAAAAAAAACCATAGCCCGCA,0.0,0.0
BADN01081993.1_677_fst,C,T,GACCACGGAAA,GACCATGGAAA,TGAAGAAACCTGCAGAGATGACCA,0.0,0.0
BADN01083052.1_1131_neutral,C,T,TGCAACAGGAC,TGCAATAGGAC,CGAAACCGTACAGAAGTGCAACAA,0.0,0.0
BADN01083076.1_2017_neutral,G,T,TATGTGCATTT,TATGTTCATTT,AATATGTGCGTGTGTCTCTGCATG,0.0,0.0
BADN01083870.1_14724_neutral,C,A,ACAATCTGTTT,ACAATATGTTT,CCATATGACTCCAGCATCCACAGA,0.0,0.0
BADN01084679.1_13352_spatial,C,T,TGGTGCCTCCA,TGGTGTCTCCA,CCTTTGAAGAAGCGTCTTTGTCGT,0.0,0.0
BADN01084851.1_5031_neutral,C,G,TCTGCCTTATG,TCTGCGTTATG,TTCCCTGCTCAGATGTAAGCTCTG,0.0,0.0
BADN01085047.1_6627_fst,T,C,TTTTTTGTGG.,TTTTTCGTGG.,AAAAGCCCCTCAAAGCTCATTGTT,0.0,0.0
BADN01085667.1_2609_neutral,A,T,TTGTCATCTGC,TTGTCTTCTGC,TTGCAGAGAGATAAGAGGCAGGAG,0.0,0.0
BADN01085957.1_829_neutral,T,C,CTGAATTGCTA,CTGAACTGCTA,ATCAATGATGAGAGCATGCTGCAT,0.0,0.0
BADN01086201.1_3846_neutral,G,A,GGCCTGTGTGT,GGCCTATGTGT,CTTCCTTGTTTGTCTGCTCTGTGG,0.0,0.0
BADN01086274.1_2186_neutral,T,C,TTGTCTTCTGG,TTGTCCTCTGG,TGTAACAAGTACCTGTGAGGGTCC,0.0,0.0
BADN01086287.1_7824_neutral,G,A,AATAAGGGCTT,AATAAAGGCTT,ACACCATCCAACCTGAGCATACAA,0.0,0.0
BADN01086569.1_9017_spatial,A,T,CAACAAATCGG,CAACATATCGG,TGTTCTCCGTTTCAAACCCAACTG,0.0,0.0
BADN01086782.1_4102_neutral,C,A,GCAGGCTTGTG,GCAGGATTGTG,TGTGAGAGTGTGTGAATGTGCATG,0.0,0.0
BADN01086829.1_3408_fst,G,A,CGACTGCGACC,CGACTACGACC,CTTTATAAGCCCAGGGTGTCGACT,0.0,0.0
BADN01086892.1_18991_neutral,C,G,CACATCC.CAG,CACATGC.CAG,TCTGTCTCTAGCTGGAAACCACAT,0.0,0.0
BADN01087022.1_1808_neutral,G,A,TTCGTGGGTTT,TTCGTAGGTTT,TCTTCTATCTGCAGGGTGTTTCGT,0.0,0.0
BADN01087166.1_1029_neutral,G,C,GCTGAGGGATA,GCTGACGGATA,ACTCCACCCTGTTCATATCTGCAG,0.0,0.0
BADN01089034.1_3705_neutral,C,T,GTCTGCGTGCA,GTCTGTGTGCA,CTCAGTCTGGATGGTGCCATTAGA,0.0,0.0
BADN01089993.1_6182_spatial,T,C,CTGGCTGGAGG,CTGGCCGGAGG,GAAATCAAACCGCAGCGCATACTT,0.0,0.0
BADN01090557.1_114_spatial,G,C,CAGGCGT.TGC,CAGGCCT.TGC,CCCTTTCAGTTTCAAGATGCTGGA,0.0,0.0
BADN01090929.1_438_spatial,G,A,ACAACGAAAAA,ACAACAAAAAA,GTCCTCCCCTGGGATTACACAAC,0.0,0.0
BADN01092686.1_9991_neutral,G,A,CTGGAGACAGA,CTGGAAACAGA,GCATGCCTCTAAACAAATTGGAAGTC,0.0,0.0
BADN01093157.1_8689_fst,G,A,TATCTGTTCAT,TATCTATTCAT,TAGATGACACGACGAGAGAAGTGC,0.0,0.0
BADN01093246.1_3688_fst,A,G,AAACAAACCAA,AAACAGACCAA,GCCCCTGTAGTGGTAAGGAAGAAA,0.0,0.0
BADN01093833.1_267_spatial,A,C,TCGCTAACAAG,TCGCTCACAAG,GAAATGGATCACAAGCTAGGTCGC,0.0,0.0
BADN01094316.1_3714_spatial,A,G,AATCTAATGGG,AATCTGATGGG,AACCAACTTAACCAACACTGCAGG,0.0,0.0
BADN01094782.1_3061_neutral,C,A,CGCCACGGTAT,CGCCAAGGTAT,ACTTAGTCACAGTGCATTGTGGGA,0.0,0.0
BADN01095261.1_743_fst,G,A,GCTAAGCATGG,GCTAAACATGG,TGAATAATGCAGCTTCAAAGGGCA,0.0,0.0
BADN01095263.1_3876_fst,G,T,ATTGTGGCATC,ATTGTTGCATC,GAGCTCACCCATCTGACGTCATTC,0.0,0.0
BADN01096727.1_642_neutral,G,A,TGTCTGTCAAC,TGTCTATCAAC,TGCAGCACACTACTGGAACAATTG,0.0,0.0
BADN01098852.1_4627_neutral,G,A,TCCTCGTTAAC,TCCTCATTAAC,TCCTTTGCATCCTGTTGTTACCATT,0.0,0.0
BADN01099048.1_7484_fst,G,T,ACAGAGAAACA,ACAGATAAACA,ACGCTTGTCTTACTCAGGCCTTAA,0.0,0.0
BADN01099050.1_3126_fst,G,A,TCGTTGCCTGT,TCGTTACCTGT,TCATAAATGAGGGGAGCTGCAGAA,0.0,0.0
BADN01099725.1_400_neutral,T,A,AGAAGTGA.AG,AGAAGAGA.AG,AGGGACTGGTTAACTATTCAGACAAAGA,0.0,0.0
BADN01100481.1_541_neutral,G,A,TTTGGGGCATT,TTTGGAGCATT,AGTAATTCACAGTTGCATGCGGAG,0.0,0.0
BADN01101164.1_511_spatial,T,C,GTTAATATAAA,GTTAACATAAA,GAATAACAGGCACCCCTTTACAGC,0.0,0.0
BADN01102244.1_776_neutral,T,G,TATTGTTTGGA,TATTGGTTGGA,AATCCGAGTGGCATGGTCGAAATA,0.0,0.0
BADN01104140.1_2106_neutral,C,A,CCCTACGAAAT,CCCTAAGAAAT,CCATCAGTGATGCAAATTGGCTGA,0.0,0.0
BADN01104182.1_1247_neutral,C,T,TGAGCCGCAAA,TGAGCTGCAAA,TCTCCACACACCGAAGAGTATTCC,0.0,0.0
BADN01105367.1_1942_neutral,T,C,TGAAATGCGTC,TGAAACGCGTC,AGCATCACAGATTACATAAACTGCTGA,0.0,0.0
BADN01105766.1_17724_spatial,A,G,ATTGTATTTGA,ATTGTGTTTGA,GCAGGACCACATGGCTTGTAAATT,0.0,0.0
BADN01106267.1_15155_spatial,A,G,CTTCAACTGTT,CTTCAGCTGTT,TGTCTTTGTTTCTCTCTGCCTCACT,0.0,0.0
BADN01107823.1_3880_neutral,C,T,GTGAGCG.TGT,GTGAGTG.TGT,CTTGAAAAAGCAGCCGTGATGGG,0.0,0.0
BADN01107903.1_6709_neutral,C,T,TCCCACGAGAT,TCCCATGAGAT,CAACCTGCAGCAAAGTTAAAACCG,0.0,0.0
BADN01108324.1_1338_neutral,G,A,ACAGTGAAAAT,ACAGTAAAAAT,GCAGGAGAGAAGAGAAATGTTGACC,0.0,0.0
BADN01110007.1_3160_spatial,T,C,TTGTTTAGGAC,TTGTTCAGGAC,TGCCAGGTTTGGGGTTATTGTCTA,0.0,0.0
BADN01110417.1_1565_neutral,C,T,AGAGACGTAGA,AGAGATGTAGA,AATCCATCTGCCATACACCCAGAG,0.0,0.0
BADN01112156.1_4797_neutral,C,T,TGCAGCTGCAT,TGCAGTTGCAT,AAGGTTAATGCAACATGCTGCTGT,0.0,0.0
BADN01112593.1_746_neutral,C,T,AGAATCTTCCT,AGAATTTTCCT,TTTTGGTTGGCTGGATGCAGATTT,0.0,0.0
BADN01113373.1_1649_neutral,C,T,TATCACTTACT,TATCATTTACT,GACCTGGAACAAGAATTATCAGTCTGT,0.0,0.0
BADN01116430.1_8846_spatial,C,A,CAGTCCGATAC,CAGTCAGATAC,ACGAGTGAACATACACGTCAGACA,0.0,0.0
BADN01116951.1_1432_neutral,A,T,GCCCAAAGAGG,GCCCATAGAGG,AGTGATGATCCCCAGTCTCAGAGA,0.0,0.0
BADN01117024.1_429_neutral,T,C,CACACTAGTAT,CACACCAGTAT,AAACCTCTTGCTCTGGAGTTCTGA,0.0,0.0
BADN01124063.1_397_neutral,G,A,CACTCGGAGAA,CACTCAGAGAA,TGAAAGGAGCTAAGTGGGAGTCAC,0.0,0.0
BADN01124995.1_398_neutral,T,C,ACACATGGTTT,ACACACGGTTT,TCTGTGGCATGCATTTGTAAGCAA,0.0,0.0
BADN01126788.1_1898_neutral,G,A,TGGATGTTCAC,TGGATATTCAC,CCGCCACTGTTTACAGAACGTTAT,0.0,0.0
BADN01128414.1_1766_spatial,C,T,AACGGCGTCGG,AACGGTGTCGG,ATCCAGATGCCGTCATGGTTGTAT,0.0,0.0
BADN01130913.1_1175_fst,T,C,TGTAGTTCCCC,TGTAGCTCCCC,GTGCTTGGCTCAGAGTGATGAATC,0.0,0.0
Alb_SEX2,G,A,AAGAGG[CT]GATT,AAGAGA[CT]GATT,ACCCAGACTGAGAAGTGAGTCTC,0.0,0.0
